{
	"title": "Database Backups",
	"summary": "Create and/or restore database backups from ProcessWire admin.", 
	"version": 3, 
	"author": "Ryan Cramer", 
	"icon": "database", 
	"requires": "ProcessWire>=2.4.15", 
	"permission": "db-backup",
	"permissions": {
		"db-backup": "Manage database backups (recommended for superuser only)" 
	},
	"page": {
		"name": "db-backups",
		"parent": "setup", 
		"title": "DB Backups"
	},
	"nav": [
		{ "url": "backup/", "label": "New Backup", "icon": "plus-circle" },
		{ "url": "upload/", "label": "Upload", "icon": "upload" }
	]
}
